<?xml version="1.0" encoding="UTF-8"?>
<project-private xmlns="http://www.netbeans.org/ns/project-private/1">
    <editor-bookmarks xmlns="http://www.netbeans.org/ns/editor-bookmarks/2" lastBookmarkId="0"/>
    <open-files xmlns="http://www.netbeans.org/ns/projectui-open-files/2">
        <group>
            <file>file:/C:/Users/Erick/Documents/Proyecto%20Steam/SteamPresentacion/src/guis/BusquedaComprasFrame.java</file>
            <file>file:/C:/Users/Erick/Documents/Proyecto%20Steam/SteamPresentacion/src/guis/MenuFrame.java</file>
            <file>file:/C:/Users/Erick/Documents/Proyecto%20Steam/SteamPresentacion/src/guis/VideojuegosFrame.java</file>
            <file>file:/C:/Users/Erick/Documents/Proyecto%20Steam/SteamPresentacion/src/guis/RegistroComprasFrame.java</file>
            <file>file:/C:/Users/Erick/Documents/Proyecto%20Steam/SteamPresentacion/src/guis/UsuariosForm.java</file>
        </group>
    </open-files>
</project-private>
